{
  "id": "01fd55ac-5d07-4efc-ae2c-785e5e84c03e",
  "content": "Cool My names Mega",
  "embedding": null,
  "timestamp": 1741887785.8875654,
  "significance": 0.5,
  "metadata": {},
  "access_count": 0,
  "last_access": 1741887785.8875654
}