{
  "id": "020946c0-2c2e-4c82-a6e0-e2f14776efa6",
  "content": "hello Lucidia whats my name?",
  "embedding": null,
  "timestamp": 1741800091.7167656,
  "significance": 0.5,
  "metadata": {
    "last_access": 1741885900.0735939,
    "access_count": 1
  },
  "access_count": 1,
  "last_access": 1741885900.0735939
}