{
  "id": "11c1c9c5-7fed-475d-a173-77200bcdd443",
  "content": "hello Lucidia hows it going",
  "embedding": null,
  "timestamp": 1741798671.457076,
  "significance": 0.5,
  "metadata": {},
  "access_count": 0,
  "last_access": 1741798671.457076
}