{
  "id": "1275684b-d1a7-44c8-8f25-3960241ee0b5",
  "content": "what can you do?",
  "embedding": null,
  "timestamp": 1741883866.3620646,
  "significance": 0.5,
  "metadata": {},
  "access_count": 0,
  "last_access": 1741883866.3620646
}