{
  "id": "19637cdb-baa9-480c-91b1-2b47aed98a17",
  "content": "hello Lucidia ",
  "embedding": null,
  "timestamp": 1741804785.5661952,
  "significance": 0.5,
  "metadata": {
    "last_access": 1741889391.4149525,
    "access_count": 1
  },
  "access_count": 1,
  "last_access": 1741889391.4149525
}