{
  "id": "19637cdb-baa9-480c-91b1-2b47aed98a17",
  "content": "hello Lucidia ",
  "embedding": null,
  "timestamp": 1741804785.5661952,
  "significance": 0.5,
  "metadata": {},
  "access_count": 0,
  "last_access": 1741804785.5661952
}