{
  "id": "1993227f-5811-492b-9968-e1ece50f5249",
  "content": "what did I tell you my name was?",
  "embedding": null,
  "timestamp": 1741887812.9258373,
  "significance": 0.5,
  "metadata": {},
  "access_count": 0,
  "last_access": 1741887812.9258373
}