{
  "id": "22e5db46-99eb-4467-8d7d-7e383c6c07e6",
  "content": "Yoooo",
  "embedding": null,
  "timestamp": 1741803379.8143938,
  "significance": 0.5,
  "metadata": {},
  "access_count": 0,
  "last_access": 1741803379.8143938
}