{
  "id": "2f7191a6-6732-47ba-98f8-427c6354a4fa",
  "content": "whats my name?",
  "embedding": null,
  "timestamp": 1741799872.7457783,
  "significance": 0.5,
  "metadata": {
    "last_access": 1741885900.0735893,
    "access_count": 1
  },
  "access_count": 1,
  "last_access": 1741885900.0735893
}