{
  "id": "3561da64-d8ac-46c8-a6a9-a83b35ec7270",
  "content": "MEGAPROMPT",
  "embedding": null,
  "timestamp": 1741885931.4425414,
  "significance": 0.5,
  "metadata": {
    "last_access": 1741886346.3924105,
    "access_count": 4
  },
  "access_count": 4,
  "last_access": 1741886346.3924105
}