{
  "id": "36003865-db91-4df8-aad8-7853a860afd6",
  "content": "Hows you?",
  "embedding": null,
  "timestamp": 1741810530.2652426,
  "significance": 0.5,
  "metadata": {},
  "access_count": 0,
  "last_access": 1741810530.2652426
}