{
  "id": "38befe4b-0e86-4fe5-bd76-677a45f3d1e7",
  "content": "Hello",
  "embedding": null,
  "timestamp": 1741803089.0435438,
  "significance": 0.5,
  "metadata": {},
  "access_count": 0,
  "last_access": 1741803089.0435438
}