{
  "id": "3ae2728b-1acc-48ad-ad33-0f2c4a53589a",
  "content": "My name is mega",
  "embedding": null,
  "timestamp": 1741889686.0785654,
  "significance": 0.5,
  "metadata": {},
  "access_count": 0,
  "last_access": 1741889686.0785654
}