{
  "id": "46255271-76fd-4b8f-a0ea-7d9be6284f75",
  "content": "hello",
  "embedding": null,
  "timestamp": 1741807065.0414445,
  "significance": 0.5,
  "metadata": {},
  "access_count": 0,
  "last_access": 1741807065.0414445
}