{
  "id": "4cf0b181-0b13-4af8-b076-97d12124dbbd",
  "content": "hello Lucidia",
  "embedding": null,
  "timestamp": 1741799835.3911352,
  "significance": 0.5,
  "metadata": {
    "last_access": 1741804785.5672193,
    "access_count": 1
  },
  "access_count": 1,
  "last_access": 1741804785.5672193
}