{
  "id": "52fee079-1875-47da-9128-bb575beb17e3",
  "content": "hello Lucidia welcome!",
  "embedding": null,
  "timestamp": 1741803563.483354,
  "significance": 0.5,
  "metadata": {},
  "access_count": 0,
  "last_access": 1741803563.483354
}