{
  "id": "576512ce-43a6-4705-97e2-6a3e6d58ab24",
  "content": "Hello Lucidia wellcome, you are now online! ",
  "embedding": null,
  "timestamp": 1741799080.4779117,
  "significance": 0.5,
  "metadata": {
    "last_access": 1741803722.7068982,
    "access_count": 1
  },
  "access_count": 1,
  "last_access": 1741803722.7068982
}