{
  "id": "78ce9297-f4b0-4f86-aca7-2911b7f65590",
  "content": "We are so Back!!!",
  "embedding": null,
  "timestamp": 1741803899.4899826,
  "significance": 0.5,
  "metadata": {},
  "access_count": 0,
  "last_access": 1741803899.4899826
}