{
  "id": "7f4c656c-7b19-4944-abcb-eef3c15d7a14",
  "content": "MEGAPROMPT",
  "embedding": null,
  "timestamp": 1741886346.3912919,
  "significance": 0.5,
  "metadata": {
    "last_access": 1741886346.3924196,
    "access_count": 1
  },
  "access_count": 1,
  "last_access": 1741886346.3924196
}