{
  "id": "83169c0b-e6bb-4791-b69a-69d474251f2b",
  "content": "hello",
  "embedding": null,
  "timestamp": 1741798549.834824,
  "significance": 0.5,
  "metadata": {},
  "access_count": 0,
  "last_access": 1741798549.834824
}