{
  "id": "8e491131-15a5-4f01-80e1-05d45252a225",
  "content": "hello",
  "embedding": null,
  "timestamp": 1741884962.9562688,
  "significance": 0.5,
  "metadata": {},
  "access_count": 0,
  "last_access": 1741884962.9562688
}