{
  "id": "a1cb84da-f1e9-4286-858e-fe3f851bfaa9",
  "content": "my name is Mega",
  "embedding": null,
  "timestamp": 1741885104.6239243,
  "significance": 0.5,
  "metadata": {},
  "access_count": 0,
  "last_access": 1741885104.6239243
}