{
  "id": "b52dc9cd-0cf5-4755-8ad3-aadd56573c6b",
  "content": "hello",
  "embedding": null,
  "timestamp": 1741883681.276147,
  "significance": 0.5,
  "metadata": {},
  "access_count": 0,
  "last_access": 1741883681.276147
}