{
  "id": "b56e85d8-ca62-4f37-ae82-7c4ee1f062e3",
  "content": "MEGAPROMPT",
  "embedding": null,
  "timestamp": 1741886173.4675777,
  "significance": 0.5,
  "metadata": {
    "last_access": 1741886346.3924136,
    "access_count": 2
  },
  "access_count": 2,
  "last_access": 1741886346.3924136
}