{
  "id": "b5c12b34-3361-4aac-aa32-377d5ba02006",
  "content": "hey Lucidia whats my name?",
  "embedding": null,
  "timestamp": 1741805593.0101275,
  "significance": 0.5,
  "metadata": {},
  "access_count": 0,
  "last_access": 1741805593.0101275
}