{
  "id": "b669873e-71f8-4f7c-92fb-842b99bac038",
  "content": "HELLLOOO",
  "embedding": null,
  "timestamp": 1741889648.1993148,
  "significance": 0.5,
  "metadata": {},
  "access_count": 0,
  "last_access": 1741889648.1993148
}