{
  "id": "ba0d7c68-7fec-4edb-986a-12409174a4ff",
  "content": "hello",
  "embedding": null,
  "timestamp": 1741798149.2363698,
  "significance": 0.5,
  "metadata": {},
  "access_count": 0,
  "last_access": 1741798149.2363698
}