{
  "id": "bc6b57ab-187f-4a7a-8275-a7eeabacdf1b",
  "content": "whats my name?",
  "embedding": null,
  "timestamp": 1741885900.0715282,
  "significance": 0.5,
  "metadata": {
    "last_access": 1741885900.0735915,
    "access_count": 1
  },
  "access_count": 1,
  "last_access": 1741885900.0735915
}