{
  "id": "c44f8581-9f4d-403a-881f-15dd0624e28a",
  "content": "its me MEGAPROMPT Your creator",
  "embedding": null,
  "timestamp": 1741886376.9370868,
  "significance": 0.5,
  "metadata": {},
  "access_count": 0,
  "last_access": 1741886376.9370868
}