{
  "id": "cb9a386a-42d0-4c40-b0a3-26dabc38a415",
  "content": "whats my name if thats true?",
  "embedding": null,
  "timestamp": 1741883890.771882,
  "significance": 0.5,
  "metadata": {},
  "access_count": 0,
  "last_access": 1741883890.771882
}