{
  "id": "d6521736-9b0a-4460-a54d-356610c6f1f3",
  "content": "Lucidiaaaa",
  "embedding": null,
  "timestamp": 1741798882.4332285,
  "significance": 0.5,
  "metadata": {},
  "access_count": 0,
  "last_access": 1741798882.4332285
}