{
  "id": "dbba9638-264d-46e4-ad83-4d77fc670f98",
  "content": "Yooo whats good Lucidia",
  "embedding": null,
  "timestamp": 1741805034.503991,
  "significance": 0.5,
  "metadata": {
    "last_access": 1741805034.505661,
    "access_count": 1
  },
  "access_count": 1,
  "last_access": 1741805034.505661
}