{
  "id": "dc3e2c32-525a-4d4a-9f55-2052d875a621",
  "content": "whats my name",
  "embedding": null,
  "timestamp": 1741886082.0088108,
  "significance": 0.5,
  "metadata": {},
  "access_count": 0,
  "last_access": 1741886082.0088108
}