{
  "id": "ee3d2849-c6db-4330-a604-53e7343e030f",
  "content": "hello",
  "embedding": null,
  "timestamp": 1741803125.1775837,
  "significance": 0.5,
  "metadata": {},
  "access_count": 0,
  "last_access": 1741803125.1775837
}