{
  "id": "f1765074-faad-48e5-a83b-00a287c8de64",
  "content": "my name is mega",
  "embedding": null,
  "timestamp": 1741885918.7163382,
  "significance": 0.5,
  "metadata": {},
  "access_count": 0,
  "last_access": 1741885918.7163382
}