{
  "id": "fa7a9ab8-ecc7-49ab-9d51-fbf394da4e04",
  "content": "MEGAPROMPT",
  "embedding": null,
  "timestamp": 1741886087.5435345,
  "significance": 0.5,
  "metadata": {
    "last_access": 1741886346.3924165,
    "access_count": 3
  },
  "access_count": 3,
  "last_access": 1741886346.3924165
}