{
  "id": "ea0b6cee-b80f-4d61-9855-9edb9dfa6b51",
  "content": "test memory",
  "embedding": null,
  "timestamp": 1742006529.6904814,
  "significance": 0.5,
  "metadata": {
    "last_access": 1742006529.690981,
    "access_count": 1
  },
  "access_count": 1,
  "last_access": 1742006529.690981
}